"System.Private.CoreLib, Version=4.0.0.0, Culture=neutral, PublicKeyToken=b03f5f7f11d50a3a","","1501229112","3AM0AAAAVgBTAF8AVgBFAFIAUwBJAE8ATgBfAEkATgBGAE8AAAAAAL0E7/4AAAEABgAEAAAAu2MGAAQAAAC7Yz8AAAAAAAAABAAAAAIAAAAAAAAAAAAAAAAAAAA8AwAAAQBTAHQAcgBpAG4AZwBGAGkAbABlAEkAbgBmAG8AAAAYAwAAAQAwADQAMAA5ADAANABFADQAAABMABYAAQBDAG8AbQBwAGEAbgB5AE4AYQBtAGUAAAAAAE0AaQBjAHIAbwBzAG8AZgB0ACAAQwBvAHIAcABvAHIAYQB0AGkAbwBuAAAAVgAXAAEARgBpAGwAZQBEAGUAcwBjAHIAaQBwAHQAaQBvAG4AAAAAAFMAeQBzAHQAZQBtAC4AUAByAGkAdgBhAHQAZQAuAEMAbwByAGUATABpAGIAAAAAAGwAJgABAEYAaQBsAGUAVgBlAHIAcwBpAG8AbgAAAAAANAAuADYALgAyADUANQAzADEALgAwADAAIABiAHUAaQBsAHQAIABiAHkAOgAgAEQARABCAEwARAAzADYAOQBDAC0AZABsAGEAYgAAAE4AFwABAEkAbgB0AGUAcgBuAGEAbABOAGEAbQBlAAAAUwB5AHMAdABlAG0ALgBQAHIAaQB2AGEAdABlAC4AQwBvAHIAZQBMAGkAYgAAAAAAggAvAAEATABlAGcAYQBsAEMAbwBwAHkAcgBpAGcAaAB0AAAAqQAgAE0AaQBjAHIAbwBzAG8AZgB0ACAAQwBvAHIAcABvAHIAYQB0AGkAbwBuAC4AIAAgAEEAbABsACAAcgBpAGcAaAB0AHMAIAByAGUAcwBlAHIAdgBlAGQALgAAAAAAVgAXAAEATwByAGkAZwBpAG4AYQBsAEYAaQBsAGUAbgBhAG0AZQAAAFMAeQBzAHQAZQBtAC4AUAByAGkAdgBhAHQAZQAuAEMAbwByAGUATABpAGIAAAAAAFQAGgABAFAAcgBvAGQAdQBjAHQATgBhAG0AZQAAAAAATQBpAGMAcgBvAHMAbwBmAHQArgAgAC4ATgBFAFQAIABGAHIAYQBtAGUAdwBvAHIAawAAAHAAJgABAFAAcgBvAGQAdQBjAHQAVgBlAHIAcwBpAG8AbgAAADQALgA2AC4AMgA1ADUAMwAxAC4AMAAwACAAYgB1AGkAbAB0ACAAYgB5ADoAIABEAEQAQgBMAEQAMwA2ADkAQwAtAGQAbABhAGIAAABEAAAAAQBWAGEAcgBGAGkAbABlAEkAbgBmAG8AAAAAACQABAAAAFQAcgBhAG4AcwBsAGEAdABpAG8AbgAAAAAACQTkBA==","PDBPresent","","v4.0.30319"
"System.Runtime.Implementation, Version=4.0.20.0, Culture=neutral, PublicKeyToken=b03f5f7f11d50a3a","","1501229112","pAM0AAAAVgBTAF8AVgBFAFIAUwBJAE8ATgBfAEkATgBGAE8AAAAAAL0E7/4AAAEABgAEAAAAU1oGAAQAAABTWj8AAAAAAAAABAAAAAIAAAAAAAAAAAAAAAAAAAACAwAAAQBTAHQAcgBpAG4AZwBGAGkAbABlAEkAbgBmAG8AAADeAgAAAQAwADQAMAA5ADAANABFADQAAABMABYAAQBDAG8AbQBwAGEAbgB5AE4AYQBtAGUAAAAAAE0AaQBjAHIAbwBzAG8AZgB0ACAAQwBvAHIAcABvAHIAYQB0AGkAbwBuAAAARgAPAAEARgBpAGwAZQBEAGUAcwBjAHIAaQBwAHQAaQBvAG4AAAAAAFMAeQBzAHQAZQBtAC4AUgB1AG4AdABpAG0AZQAAAAAAZgAjAAEARgBpAGwAZQBWAGUAcgBzAGkAbwBuAAAAAAA0AC4ANgAuADIAMwAxADIAMwAuADAAMAAgAGIAdQBpAGwAdAAgAGIAeQA6ACAAUABSAE8ASgBFAEMAVABLAFIARQBMAAAAAAA+AA8AAQBJAG4AdABlAHIAbgBhAGwATgBhAG0AZQAAAFMAeQBzAHQAZQBtAC4AUgB1AG4AdABpAG0AZQAAAAAAggAvAAEATABlAGcAYQBsAEMAbwBwAHkAcgBpAGcAaAB0AAAAqQAgAE0AaQBjAHIAbwBzAG8AZgB0ACAAQwBvAHIAcABvAHIAYQB0AGkAbwBuAC4AIAAgAEEAbABsACAAcgBpAGcAaAB0AHMAIAByAGUAcwBlAHIAdgBlAGQALgAAAAAARgAPAAEATwByAGkAZwBpAG4AYQBsAEYAaQBsAGUAbgBhAG0AZQAAAFMAeQBzAHQAZQBtAC4AUgB1AG4AdABpAG0AZQAAAAAAVAAaAAEAUAByAG8AZAB1AGMAdABOAGEAbQBlAAAAAABNAGkAYwByAG8AcwBvAGYAdACuACAALgBOAEUAVAAgAEYAcgBhAG0AZQB3AG8AcgBrAAAAagAjAAEAUAByAG8AZAB1AGMAdABWAGUAcgBzAGkAbwBuAAAANAAuADYALgAyADMAMQAyADMALgAwADAAIABiAHUAaQBsAHQAIABiAHkAOgAgAFAAUgBPAEoARQBDAFQASwBSAEUATAAAAAAARAAAAAEAVgBhAHIARgBpAGwAZQBJAG4AZgBvAAAAAAAkAAQAAABUAHIAYQBuAHMAbABhAHQAaQBvAG4AAAAAAAkE5AQ=","PDBPresent","","v4.0.30319"
"System.Private.Reflection.Execution, Version=4.0.0.0, Culture=neutral, PublicKeyToken=b03f5f7f11d50a3a","","1501227457","JAQ0AAAAVgBTAF8AVgBFAFIAUwBJAE8ATgBfAEkATgBGAE8AAAAAAL0E7/4AAAEABgAEAAAAu2MGAAQAAAC7Yz8AAAAAAAAABAAAAAIAAAAAAAAAAAAAAAAAAACEAwAAAQBTAHQAcgBpAG4AZwBGAGkAbABlAEkAbgBmAG8AAABgAwAAAQAwADQAMAA5ADAANABFADQAAABMABYAAQBDAG8AbQBwAGEAbgB5AE4AYQBtAGUAAAAAAE0AaQBjAHIAbwBzAG8AZgB0ACAAQwBvAHIAcABvAHIAYQB0AGkAbwBuAAAAcAAkAAEARgBpAGwAZQBEAGUAcwBjAHIAaQBwAHQAaQBvAG4AAAAAAFMAeQBzAHQAZQBtAC4AUAByAGkAdgBhAHQAZQAuAFIAZQBmAGwAZQBjAHQAaQBvAG4ALgBFAHgAZQBjAHUAdABpAG8AbgAAAGwAJgABAEYAaQBsAGUAVgBlAHIAcwBpAG8AbgAAAAAANAAuADYALgAyADUANQAzADEALgAwADAAIABiAHUAaQBsAHQAIABiAHkAOgAgAEQARABCAEwARAAzADYAOQBDAC0AZABsAGEAYgAAAGgAJAABAEkAbgB0AGUAcgBuAGEAbABOAGEAbQBlAAAAUwB5AHMAdABlAG0ALgBQAHIAaQB2AGEAdABlAC4AUgBlAGYAbABlAGMAdABpAG8AbgAuAEUAeABlAGMAdQB0AGkAbwBuAAAAggAvAAEATABlAGcAYQBsAEMAbwBwAHkAcgBpAGcAaAB0AAAAqQAgAE0AaQBjAHIAbwBzAG8AZgB0ACAAQwBvAHIAcABvAHIAYQB0AGkAbwBuAC4AIAAgAEEAbABsACAAcgBpAGcAaAB0AHMAIAByAGUAcwBlAHIAdgBlAGQALgAAAAAAcAAkAAEATwByAGkAZwBpAG4AYQBsAEYAaQBsAGUAbgBhAG0AZQAAAFMAeQBzAHQAZQBtAC4AUAByAGkAdgBhAHQAZQAuAFIAZQBmAGwAZQBjAHQAaQBvAG4ALgBFAHgAZQBjAHUAdABpAG8AbgAAAFQAGgABAFAAcgBvAGQAdQBjAHQATgBhAG0AZQAAAAAATQBpAGMAcgBvAHMAbwBmAHQArgAgAC4ATgBFAFQAIABGAHIAYQBtAGUAdwBvAHIAawAAAHAAJgABAFAAcgBvAGQAdQBjAHQAVgBlAHIAcwBpAG8AbgAAADQALgA2AC4AMgA1ADUAMwAxAC4AMAAwACAAYgB1AGkAbAB0ACAAYgB5ADoAIABEAEQAQgBMAEQAMwA2ADkAQwAtAGQAbABhAGIAAABEAAAAAQBWAGEAcgBGAGkAbABlAEkAbgBmAG8AAAAAACQABAAAAFQAcgBhAG4AcwBsAGEAdABpAG8AbgAAAAAACQTkBA==","PDBPresent","","v4.0.30319"
"System.ObjectModel, Version=4.0.10.0, Culture=neutral, PublicKeyToken=b03f5f7f11d50a3a","","1437623934","HgQ0AAAAVgBTAF8AVgBFAFIAUwBJAE8ATgBfAEkATgBGAE8AAAAAAL0E7/4AAAEABgAEAAAAU1oAAAAAAAAAAD8AAAAAAAAABAAAAAIAAAAAAAAAAAAAAAAAAABEAAAAAQBWAGEAcgBGAGkAbABlAEkAbgBmAG8AAAAAACQABAAAAFQAcgBhAG4AcwBsAGEAdABpAG8AbgAAAAAAAACwBH4DAAABAFMAdAByAGkAbgBnAEYAaQBsAGUASQBuAGYAbwAAAFoDAAABADAAMAAwADAAMAA0AGIAMAAAAD4AEwABAEMAbwBtAG0AZQBuAHQAcwAAAFMAeQBzAHQAZQBtAC4ATwBiAGoAZQBjAHQATQBvAGQAZQBsAAAAAABMABYAAQBDAG8AbQBwAGEAbgB5AE4AYQBtAGUAAAAAAE0AaQBjAHIAbwBzAG8AZgB0ACAAQwBvAHIAcABvAHIAYQB0AGkAbwBuAAAATgATAAEARgBpAGwAZQBEAGUAcwBjAHIAaQBwAHQAaQBvAG4AAAAAAFMAeQBzAHQAZQBtAC4ATwBiAGoAZQBjAHQATQBvAGQAZQBsAAAAAAA6AA0AAQBGAGkAbABlAFYAZQByAHMAaQBvAG4AAAAAADQALgA2AC4AMgAzADEAMgAzAC4AMAAwAAAAAABOABcAAQBJAG4AdABlAHIAbgBhAGwATgBhAG0AZQAAAFMAeQBzAHQAZQBtAC4ATwBiAGoAZQBjAHQATQBvAGQAZQBsAC4AZABsAGwAAAAAAIIALwABAEwAZQBnAGEAbABDAG8AcAB5AHIAaQBnAGgAdAAAAKkAIABNAGkAYwByAG8AcwBvAGYAdAAgAEMAbwByAHAAbwByAGEAdABpAG8AbgAuACAAIABBAGwAbAAgAHIAaQBnAGgAdABzACAAcgBlAHMAZQByAHYAZQBkAC4AAAAAAFYAFwABAE8AcgBpAGcAaQBuAGEAbABGAGkAbABlAG4AYQBtAGUAAABTAHkAcwB0AGUAbQAuAE8AYgBqAGUAYwB0AE0AbwBkAGUAbAAuAGQAbABsAAAAAABUABoAAQBQAHIAbwBkAHUAYwB0AE4AYQBtAGUAAAAAAE0AaQBjAHIAbwBzAG8AZgB0AK4AIAAuAE4ARQBUACAARgByAGEAbQBlAHcAbwByAGsAAABwACYAAQBQAHIAbwBkAHUAYwB0AFYAZQByAHMAaQBvAG4AAAA0AC4ANgAuADIAMwAxADIAMwAuADAAMAAgAGIAdQBpAGwAdAAgAGIAeQA6ACAARABEAEIATABEADYANQA3AEMALQBkAGwAYQBiAAAAOgAJAAEAQQBzAHMAZQBtAGIAbAB5ACAAVgBlAHIAcwBpAG8AbgAAADQALgAwAC4AMQAwAC4AMAAAAA==","PDBPresent","","v4.0.30319"
"System.Collections, Version=4.0.10.0, Culture=neutral, PublicKeyToken=b03f5f7f11d50a3a","","1437623889","vAM0AAAAVgBTAF8AVgBFAFIAUwBJAE8ATgBfAEkATgBGAE8AAAAAAL0E7/4AAAEABgAEAAAAU1oGAAQAAABTWj8AAAAAAAAABAAAAAIAAAAAAAAAAAAAAAAAAAAaAwAAAQBTAHQAcgBpAG4AZwBGAGkAbABlAEkAbgBmAG8AAAD2AgAAAQAwADQAMAA5ADAANABFADQAAABMABYAAQBDAG8AbQBwAGEAbgB5AE4AYQBtAGUAAAAAAE0AaQBjAHIAbwBzAG8AZgB0ACAAQwBvAHIAcABvAHIAYQB0AGkAbwBuAAAATgATAAEARgBpAGwAZQBEAGUAcwBjAHIAaQBwAHQAaQBvAG4AAAAAAFMAeQBzAHQAZQBtAC4AQwBvAGwAbABlAGMAdABpAG8AbgBzAAAAAABmACMAAQBGAGkAbABlAFYAZQByAHMAaQBvAG4AAAAAADQALgA2AC4AMgAzADEAMgAzAC4AMAAwACAAYgB1AGkAbAB0ACAAYgB5ADoAIABQAFIATwBKAEUAQwBUAEsAUgBFAEwAAAAAAEYAEwABAEkAbgB0AGUAcgBuAGEAbABOAGEAbQBlAAAAUwB5AHMAdABlAG0ALgBDAG8AbABsAGUAYwB0AGkAbwBuAHMAAAAAAIIALwABAEwAZQBnAGEAbABDAG8AcAB5AHIAaQBnAGgAdAAAAKkAIABNAGkAYwByAG8AcwBvAGYAdAAgAEMAbwByAHAAbwByAGEAdABpAG8AbgAuACAAIABBAGwAbAAgAHIAaQBnAGgAdABzACAAcgBlAHMAZQByAHYAZQBkAC4AAAAAAE4AEwABAE8AcgBpAGcAaQBuAGEAbABGAGkAbABlAG4AYQBtAGUAAABTAHkAcwB0AGUAbQAuAEMAbwBsAGwAZQBjAHQAaQBvAG4AcwAAAAAAVAAaAAEAUAByAG8AZAB1AGMAdABOAGEAbQBlAAAAAABNAGkAYwByAG8AcwBvAGYAdACuACAALgBOAEUAVAAgAEYAcgBhAG0AZQB3AG8AcgBrAAAAagAjAAEAUAByAG8AZAB1AGMAdABWAGUAcgBzAGkAbwBuAAAANAAuADYALgAyADMAMQAyADMALgAwADAAIABiAHUAaQBsAHQAIABiAHkAOgAgAFAAUgBPAEoARQBDAFQASwBSAEUATAAAAAAARAAAAAEAVgBhAHIARgBpAGwAZQBJAG4AZgBvAAAAAAAkAAQAAABUAHIAYQBuAHMAbABhAHQAaQBvAG4AAAAAAAkE5AQ=","PDBPresent","","v4.0.30319"
"System.Collections.Concurrent, Version=4.0.10.0, Culture=neutral, PublicKeyToken=b03f5f7f11d50a3a","","1437623885","bgQ0AAAAVgBTAF8AVgBFAFIAUwBJAE8ATgBfAEkATgBGAE8AAAAAAL0E7/4AAAEABgAEAAAAU1oAAAAAAAAAAD8AAAAAAAAABAAAAAIAAAAAAAAAAAAAAAAAAABEAAAAAQBWAGEAcgBGAGkAbABlAEkAbgBmAG8AAAAAACQABAAAAFQAcgBhAG4AcwBsAGEAdABpAG8AbgAAAAAAAACwBM4DAAABAFMAdAByAGkAbgBnAEYAaQBsAGUASQBuAGYAbwAAAKoDAAABADAAMAAwADAAMAA0AGIAMAAAAFQAHgABAEMAbwBtAG0AZQBuAHQAcwAAAFMAeQBzAHQAZQBtAC4AQwBvAGwAbABlAGMAdABpAG8AbgBzAC4AQwBvAG4AYwB1AHIAcgBlAG4AdAAAAEwAFgABAEMAbwBtAHAAYQBuAHkATgBhAG0AZQAAAAAATQBpAGMAcgBvAHMAbwBmAHQAIABDAG8AcgBwAG8AcgBhAHQAaQBvAG4AAABkAB4AAQBGAGkAbABlAEQAZQBzAGMAcgBpAHAAdABpAG8AbgAAAAAAUwB5AHMAdABlAG0ALgBDAG8AbABsAGUAYwB0AGkAbwBuAHMALgBDAG8AbgBjAHUAcgByAGUAbgB0AAAAOgANAAEARgBpAGwAZQBWAGUAcgBzAGkAbwBuAAAAAAA0AC4ANgAuADIAMwAxADIAMwAuADAAMAAAAAAAZAAiAAEASQBuAHQAZQByAG4AYQBsAE4AYQBtAGUAAABTAHkAcwB0AGUAbQAuAEMAbwBsAGwAZQBjAHQAaQBvAG4AcwAuAEMAbwBuAGMAdQByAHIAZQBuAHQALgBkAGwAbAAAAIIALwABAEwAZQBnAGEAbABDAG8AcAB5AHIAaQBnAGgAdAAAAKkAIABNAGkAYwByAG8AcwBvAGYAdAAgAEMAbwByAHAAbwByAGEAdABpAG8AbgAuACAAIABBAGwAbAAgAHIAaQBnAGgAdABzACAAcgBlAHMAZQByAHYAZQBkAC4AAAAAAGwAIgABAE8AcgBpAGcAaQBuAGEAbABGAGkAbABlAG4AYQBtAGUAAABTAHkAcwB0AGUAbQAuAEMAbwBsAGwAZQBjAHQAaQBvAG4AcwAuAEMAbwBuAGMAdQByAHIAZQBuAHQALgBkAGwAbAAAAFQAGgABAFAAcgBvAGQAdQBjAHQATgBhAG0AZQAAAAAATQBpAGMAcgBvAHMAbwBmAHQArgAgAC4ATgBFAFQAIABGAHIAYQBtAGUAdwBvAHIAawAAAHAAJgABAFAAcgBvAGQAdQBjAHQAVgBlAHIAcwBpAG8AbgAAADQALgA2AC4AMgAzADEAMgAzAC4AMAAwACAAYgB1AGkAbAB0ACAAYgB5ADoAIABEAEQAQgBMAEQANgA1ADcAQwAtAGQAbABhAGIAAAA6AAkAAQBBAHMAcwBlAG0AYgBsAHkAIABWAGUAcgBzAGkAbwBuAAAANAAuADAALgAxADAALgAwAAAA","PDBPresent","","v4.0.30319"
"System.Diagnostics.Tracing, Version=4.0.20.0, Culture=neutral, PublicKeyToken=b03f5f7f11d50a3a","","1437623901","7AM0AAAAVgBTAF8AVgBFAFIAUwBJAE8ATgBfAEkATgBGAE8AAAAAAL0E7/4AAAEABgAEAAAAU1oGAAQAAABTWj8AAAAAAAAABAAAAAIAAAAAAAAAAAAAAAAAAABKAwAAAQBTAHQAcgBpAG4AZwBGAGkAbABlAEkAbgBmAG8AAAAmAwAAAQAwADQAMAA5ADAANABFADQAAABMABYAAQBDAG8AbQBwAGEAbgB5AE4AYQBtAGUAAAAAAE0AaQBjAHIAbwBzAG8AZgB0ACAAQwBvAHIAcABvAHIAYQB0AGkAbwBuAAAAXgAbAAEARgBpAGwAZQBEAGUAcwBjAHIAaQBwAHQAaQBvAG4AAAAAAFMAeQBzAHQAZQBtAC4ARABpAGEAZwBuAG8AcwB0AGkAYwBzAC4AVAByAGEAYwBpAG4AZwAAAAAAZgAjAAEARgBpAGwAZQBWAGUAcgBzAGkAbwBuAAAAAAA0AC4ANgAuADIAMwAxADIAMwAuADAAMAAgAGIAdQBpAGwAdAAgAGIAeQA6ACAAUABSAE8ASgBFAEMAVABLAFIARQBMAAAAAABWABsAAQBJAG4AdABlAHIAbgBhAGwATgBhAG0AZQAAAFMAeQBzAHQAZQBtAC4ARABpAGEAZwBuAG8AcwB0AGkAYwBzAC4AVAByAGEAYwBpAG4AZwAAAAAAggAvAAEATABlAGcAYQBsAEMAbwBwAHkAcgBpAGcAaAB0AAAAqQAgAE0AaQBjAHIAbwBzAG8AZgB0ACAAQwBvAHIAcABvAHIAYQB0AGkAbwBuAC4AIAAgAEEAbABsACAAcgBpAGcAaAB0AHMAIAByAGUAcwBlAHIAdgBlAGQALgAAAAAAXgAbAAEATwByAGkAZwBpAG4AYQBsAEYAaQBsAGUAbgBhAG0AZQAAAFMAeQBzAHQAZQBtAC4ARABpAGEAZwBuAG8AcwB0AGkAYwBzAC4AVAByAGEAYwBpAG4AZwAAAAAAVAAaAAEAUAByAG8AZAB1AGMAdABOAGEAbQBlAAAAAABNAGkAYwByAG8AcwBvAGYAdACuACAALgBOAEUAVAAgAEYAcgBhAG0AZQB3AG8AcgBrAAAAagAjAAEAUAByAG8AZAB1AGMAdABWAGUAcgBzAGkAbwBuAAAANAAuADYALgAyADMAMQAyADMALgAwADAAIABiAHUAaQBsAHQAIABiAHkAOgAgAFAAUgBPAEoARQBDAFQASwBSAEUATAAAAAAARAAAAAEAVgBhAHIARgBpAGwAZQBJAG4AZgBvAAAAAAAkAAQAAABUAHIAYQBuAHMAbABhAHQAaQBvAG4AAAAAAAkE5AQ=","PDBPresent","","v4.0.30319"
"System.Dynamic.Runtime, Version=4.0.10.0, Culture=neutral, PublicKeyToken=b03f5f7f11d50a3a","","1437623902","1AM0AAAAVgBTAF8AVgBFAFIAUwBJAE8ATgBfAEkATgBGAE8AAAAAAL0E7/4AAAEABgAEAAAAU1oGAAQAAABTWj8AAAAAAAAABAAAAAIAAAAAAAAAAAAAAAAAAAAyAwAAAQBTAHQAcgBpAG4AZwBGAGkAbABlAEkAbgBmAG8AAAAOAwAAAQAwADQAMAA5ADAANABFADQAAABMABYAAQBDAG8AbQBwAGEAbgB5AE4AYQBtAGUAAAAAAE0AaQBjAHIAbwBzAG8AZgB0ACAAQwBvAHIAcABvAHIAYQB0AGkAbwBuAAAAVgAXAAEARgBpAGwAZQBEAGUAcwBjAHIAaQBwAHQAaQBvAG4AAAAAAFMAeQBzAHQAZQBtAC4ARAB5AG4AYQBtAGkAYwAuAFIAdQBuAHQAaQBtAGUAAAAAAGYAIwABAEYAaQBsAGUAVgBlAHIAcwBpAG8AbgAAAAAANAAuADYALgAyADMAMQAyADMALgAwADAAIABiAHUAaQBsAHQAIABiAHkAOgAgAFAAUgBPAEoARQBDAFQASwBSAEUATAAAAAAATgAXAAEASQBuAHQAZQByAG4AYQBsAE4AYQBtAGUAAABTAHkAcwB0AGUAbQAuAEQAeQBuAGEAbQBpAGMALgBSAHUAbgB0AGkAbQBlAAAAAACCAC8AAQBMAGUAZwBhAGwAQwBvAHAAeQByAGkAZwBoAHQAAACpACAATQBpAGMAcgBvAHMAbwBmAHQAIABDAG8AcgBwAG8AcgBhAHQAaQBvAG4ALgAgACAAQQBsAGwAIAByAGkAZwBoAHQAcwAgAHIAZQBzAGUAcgB2AGUAZAAuAAAAAABWABcAAQBPAHIAaQBnAGkAbgBhAGwARgBpAGwAZQBuAGEAbQBlAAAAUwB5AHMAdABlAG0ALgBEAHkAbgBhAG0AaQBjAC4AUgB1AG4AdABpAG0AZQAAAAAAVAAaAAEAUAByAG8AZAB1AGMAdABOAGEAbQBlAAAAAABNAGkAYwByAG8AcwBvAGYAdACuACAALgBOAEUAVAAgAEYAcgBhAG0AZQB3AG8AcgBrAAAAagAjAAEAUAByAG8AZAB1AGMAdABWAGUAcgBzAGkAbwBuAAAANAAuADYALgAyADMAMQAyADMALgAwADAAIABiAHUAaQBsAHQAIABiAHkAOgAgAFAAUgBPAEoARQBDAFQASwBSAEUATAAAAAAARAAAAAEAVgBhAHIARgBpAGwAZQBJAG4AZgBvAAAAAAAkAAQAAABUAHIAYQBuAHMAbABhAHQAaQBvAG4AAAAAAAkE5AQ=","PDBPresent","","v4.0.30319"
"System.IO, Version=4.0.10.0, Culture=neutral, PublicKeyToken=b03f5f7f11d50a3a","","1437623914","gAM0AAAAVgBTAF8AVgBFAFIAUwBJAE8ATgBfAEkATgBGAE8AAAAAAL0E7/4AAAEABgAEAAAAU1oGAAQAAABTWj8AAAAAAAAABAAAAAIAAAAAAAAAAAAAAAAAAADeAgAAAQBTAHQAcgBpAG4AZwBGAGkAbABlAEkAbgBmAG8AAAC6AgAAAQAwADQAMAA5ADAANABFADQAAABMABYAAQBDAG8AbQBwAGEAbgB5AE4AYQBtAGUAAAAAAE0AaQBjAHIAbwBzAG8AZgB0ACAAQwBvAHIAcABvAHIAYQB0AGkAbwBuAAAAPAAKAAEARgBpAGwAZQBEAGUAcwBjAHIAaQBwAHQAaQBvAG4AAAAAAFMAeQBzAHQAZQBtAC4ASQBPAAAAZgAjAAEARgBpAGwAZQBWAGUAcgBzAGkAbwBuAAAAAAA0AC4ANgAuADIAMwAxADIAMwAuADAAMAAgAGIAdQBpAGwAdAAgAGIAeQA6ACAAUABSAE8ASgBFAEMAVABLAFIARQBMAAAAAAA0AAoAAQBJAG4AdABlAHIAbgBhAGwATgBhAG0AZQAAAFMAeQBzAHQAZQBtAC4ASQBPAAAAggAvAAEATABlAGcAYQBsAEMAbwBwAHkAcgBpAGcAaAB0AAAAqQAgAE0AaQBjAHIAbwBzAG8AZgB0ACAAQwBvAHIAcABvAHIAYQB0AGkAbwBuAC4AIAAgAEEAbABsACAAcgBpAGcAaAB0AHMAIAByAGUAcwBlAHIAdgBlAGQALgAAAAAAPAAKAAEATwByAGkAZwBpAG4AYQBsAEYAaQBsAGUAbgBhAG0AZQAAAFMAeQBzAHQAZQBtAC4ASQBPAAAAVAAaAAEAUAByAG8AZAB1AGMAdABOAGEAbQBlAAAAAABNAGkAYwByAG8AcwBvAGYAdACuACAALgBOAEUAVAAgAEYAcgBhAG0AZQB3AG8AcgBrAAAAagAjAAEAUAByAG8AZAB1AGMAdABWAGUAcgBzAGkAbwBuAAAANAAuADYALgAyADMAMQAyADMALgAwADAAIABiAHUAaQBsAHQAIABiAHkAOgAgAFAAUgBPAEoARQBDAFQASwBSAEUATAAAAAAARAAAAAEAVgBhAHIARgBpAGwAZQBJAG4AZgBvAAAAAAAkAAQAAABUAHIAYQBuAHMAbABhAHQAaQBvAG4AAAAAAAkE5AQ=","PDBPresent","","v4.0.30319"
"System.Linq, Version=4.0.0.0, Culture=neutral, PublicKeyToken=b03f5f7f11d50a3a","","1437623921","3AM0AAAAVgBTAF8AVgBFAFIAUwBJAE8ATgBfAEkATgBGAE8AAAAAAL0E7/4AAAEABgAEAAAAU1oAAAAAAAAAAD8AAAAAAAAABAAAAAIAAAAAAAAAAAAAAAAAAABEAAAAAQBWAGEAcgBGAGkAbABlAEkAbgBmAG8AAAAAACQABAAAAFQAcgBhAG4AcwBsAGEAdABpAG8AbgAAAAAAAACwBDwDAAABAFMAdAByAGkAbgBnAEYAaQBsAGUASQBuAGYAbwAAABgDAAABADAAMAAwADAAMAA0AGIAMAAAADAADAABAEMAbwBtAG0AZQBuAHQAcwAAAFMAeQBzAHQAZQBtAC4ATABpAG4AcQAAAEwAFgABAEMAbwBtAHAAYQBuAHkATgBhAG0AZQAAAAAATQBpAGMAcgBvAHMAbwBmAHQAIABDAG8AcgBwAG8AcgBhAHQAaQBvAG4AAABAAAwAAQBGAGkAbABlAEQAZQBzAGMAcgBpAHAAdABpAG8AbgAAAAAAUwB5AHMAdABlAG0ALgBMAGkAbgBxAAAAOgANAAEARgBpAGwAZQBWAGUAcgBzAGkAbwBuAAAAAAA0AC4ANgAuADIAMwAxADIAMwAuADAAMAAAAAAAQAAQAAEASQBuAHQAZQByAG4AYQBsAE4AYQBtAGUAAABTAHkAcwB0AGUAbQAuAEwAaQBuAHEALgBkAGwAbAAAAIIALwABAEwAZQBnAGEAbABDAG8AcAB5AHIAaQBnAGgAdAAAAKkAIABNAGkAYwByAG8AcwBvAGYAdAAgAEMAbwByAHAAbwByAGEAdABpAG8AbgAuACAAIABBAGwAbAAgAHIAaQBnAGgAdABzACAAcgBlAHMAZQByAHYAZQBkAC4AAAAAAEgAEAABAE8AcgBpAGcAaQBuAGEAbABGAGkAbABlAG4AYQBtAGUAAABTAHkAcwB0AGUAbQAuAEwAaQBuAHEALgBkAGwAbAAAAFQAGgABAFAAcgBvAGQAdQBjAHQATgBhAG0AZQAAAAAATQBpAGMAcgBvAHMAbwBmAHQArgAgAC4ATgBFAFQAIABGAHIAYQBtAGUAdwBvAHIAawAAAHAAJgABAFAAcgBvAGQAdQBjAHQAVgBlAHIAcwBpAG8AbgAAADQALgA2AC4AMgAzADEAMgAzAC4AMAAwACAAYgB1AGkAbAB0ACAAYgB5ADoAIABEAEQAQgBMAEQANgA1ADcAQwAtAGQAbABhAGIAAAA4AAgAAQBBAHMAcwBlAG0AYgBsAHkAIABWAGUAcgBzAGkAbwBuAAAANAAuADAALgAwAC4AMAAAAA==","PDBPresent","","v4.0.30319"
"System.Linq.Expressions, Version=4.0.10.0, Culture=neutral, PublicKeyToken=b03f5f7f11d50a3a","","1437623918","1AM0AAAAVgBTAF8AVgBFAFIAUwBJAE8ATgBfAEkATgBGAE8AAAAAAL0E7/4AAAEABgAEAAAAU1oGAAQAAABTWj8AAAAAAAAABAAAAAIAAAAAAAAAAAAAAAAAAAAyAwAAAQBTAHQAcgBpAG4AZwBGAGkAbABlAEkAbgBmAG8AAAAOAwAAAQAwADQAMAA5ADAANABFADQAAABMABYAAQBDAG8AbQBwAGEAbgB5AE4AYQBtAGUAAAAAAE0AaQBjAHIAbwBzAG8AZgB0ACAAQwBvAHIAcABvAHIAYQB0AGkAbwBuAAAAWAAYAAEARgBpAGwAZQBEAGUAcwBjAHIAaQBwAHQAaQBvAG4AAAAAAFMAeQBzAHQAZQBtAC4ATABpAG4AcQAuAEUAeABwAHIAZQBzAHMAaQBvAG4AcwAAAGYAIwABAEYAaQBsAGUAVgBlAHIAcwBpAG8AbgAAAAAANAAuADYALgAyADMAMQAyADMALgAwADAAIABiAHUAaQBsAHQAIABiAHkAOgAgAFAAUgBPAEoARQBDAFQASwBSAEUATAAAAAAAUAAYAAEASQBuAHQAZQByAG4AYQBsAE4AYQBtAGUAAABTAHkAcwB0AGUAbQAuAEwAaQBuAHEALgBFAHgAcAByAGUAcwBzAGkAbwBuAHMAAACCAC8AAQBMAGUAZwBhAGwAQwBvAHAAeQByAGkAZwBoAHQAAACpACAATQBpAGMAcgBvAHMAbwBmAHQAIABDAG8AcgBwAG8AcgBhAHQAaQBvAG4ALgAgACAAQQBsAGwAIAByAGkAZwBoAHQAcwAgAHIAZQBzAGUAcgB2AGUAZAAuAAAAAABYABgAAQBPAHIAaQBnAGkAbgBhAGwARgBpAGwAZQBuAGEAbQBlAAAAUwB5AHMAdABlAG0ALgBMAGkAbgBxAC4ARQB4AHAAcgBlAHMAcwBpAG8AbgBzAAAAVAAaAAEAUAByAG8AZAB1AGMAdABOAGEAbQBlAAAAAABNAGkAYwByAG8AcwBvAGYAdACuACAALgBOAEUAVAAgAEYAcgBhAG0AZQB3AG8AcgBrAAAAagAjAAEAUAByAG8AZAB1AGMAdABWAGUAcgBzAGkAbwBuAAAANAAuADYALgAyADMAMQAyADMALgAwADAAIABiAHUAaQBsAHQAIABiAHkAOgAgAFAAUgBPAEoARQBDAFQASwBSAEUATAAAAAAARAAAAAEAVgBhAHIARgBpAGwAZQBJAG4AZgBvAAAAAAAkAAQAAABUAHIAYQBuAHMAbABhAHQAaQBvAG4AAAAAAAkE5AQ=","PDBPresent","","v4.0.30319"
"System.Private.Interop, Version=4.0.0.0, Culture=neutral, PublicKeyToken=b03f5f7f11d50a3a","","1501227428","1AM0AAAAVgBTAF8AVgBFAFIAUwBJAE8ATgBfAEkATgBGAE8AAAAAAL0E7/4AAAEABgAEAAAAu2MGAAQAAAC7Yz8AAAAAAAAABAAAAAIAAAAAAAAAAAAAAAAAAAA0AwAAAQBTAHQAcgBpAG4AZwBGAGkAbABlAEkAbgBmAG8AAAAQAwAAAQAwADQAMAA5ADAANABFADQAAABMABYAAQBDAG8AbQBwAGEAbgB5AE4AYQBtAGUAAAAAAE0AaQBjAHIAbwBzAG8AZgB0ACAAQwBvAHIAcABvAHIAYQB0AGkAbwBuAAAAVgAXAAEARgBpAGwAZQBEAGUAcwBjAHIAaQBwAHQAaQBvAG4AAAAAAFMAeQBzAHQAZQBtAC4AUAByAGkAdgBhAHQAZQAuAEkAbgB0AGUAcgBvAHAAAAAAAGgAJAABAEYAaQBsAGUAVgBlAHIAcwBpAG8AbgAAAAAANAAuADYALgAyADUANQAzADEALgAwADAAIABiAHUAaQBsAHQAIABiAHkAOgAgAFAAUgBPAEoARQBDAFQATgBHAEQAUgAyAAAATgAXAAEASQBuAHQAZQByAG4AYQBsAE4AYQBtAGUAAABTAHkAcwB0AGUAbQAuAFAAcgBpAHYAYQB0AGUALgBJAG4AdABlAHIAbwBwAAAAAACCAC8AAQBMAGUAZwBhAGwAQwBvAHAAeQByAGkAZwBoAHQAAACpACAATQBpAGMAcgBvAHMAbwBmAHQAIABDAG8AcgBwAG8AcgBhAHQAaQBvAG4ALgAgACAAQQBsAGwAIAByAGkAZwBoAHQAcwAgAHIAZQBzAGUAcgB2AGUAZAAuAAAAAABWABcAAQBPAHIAaQBnAGkAbgBhAGwARgBpAGwAZQBuAGEAbQBlAAAAUwB5AHMAdABlAG0ALgBQAHIAaQB2AGEAdABlAC4ASQBuAHQAZQByAG8AcAAAAAAAVAAaAAEAUAByAG8AZAB1AGMAdABOAGEAbQBlAAAAAABNAGkAYwByAG8AcwBvAGYAdACuACAALgBOAEUAVAAgAEYAcgBhAG0AZQB3AG8AcgBrAAAAbAAkAAEAUAByAG8AZAB1AGMAdABWAGUAcgBzAGkAbwBuAAAANAAuADYALgAyADUANQAzADEALgAwADAAIABiAHUAaQBsAHQAIABiAHkAOgAgAFAAUgBPAEoARQBDAFQATgBHAEQAUgAyAAAARAAAAAEAVgBhAHIARgBpAGwAZQBJAG4AZgBvAAAAAAAkAAQAAABUAHIAYQBuAHMAbABhAHQAaQBvAG4AAAAAAAkE5AQ=","PDBPresent","","v4.0.30319"
"System.Private.Reflection, Version=4.0.0.0, Culture=neutral, PublicKeyToken=b03f5f7f11d50a3a","","1501227442","6AM0AAAAVgBTAF8AVgBFAFIAUwBJAE8ATgBfAEkATgBGAE8AAAAAAL0E7/4AAAEABgAEAAAAu2MGAAQAAAC7Yz8AAAAAAAAABAAAAAIAAAAAAAAAAAAAAAAAAABIAwAAAQBTAHQAcgBpAG4AZwBGAGkAbABlAEkAbgBmAG8AAAAkAwAAAQAwADQAMAA5ADAANABFADQAAABMABYAAQBDAG8AbQBwAGEAbgB5AE4AYQBtAGUAAAAAAE0AaQBjAHIAbwBzAG8AZgB0ACAAQwBvAHIAcABvAHIAYQB0AGkAbwBuAAAAXAAaAAEARgBpAGwAZQBEAGUAcwBjAHIAaQBwAHQAaQBvAG4AAAAAAFMAeQBzAHQAZQBtAC4AUAByAGkAdgBhAHQAZQAuAFIAZQBmAGwAZQBjAHQAaQBvAG4AAABsACYAAQBGAGkAbABlAFYAZQByAHMAaQBvAG4AAAAAADQALgA2AC4AMgA1ADUAMwAxAC4AMAAwACAAYgB1AGkAbAB0ACAAYgB5ADoAIABEAEQAQgBMAEQAMwA2ADkAQwAtAGQAbABhAGIAAABUABoAAQBJAG4AdABlAHIAbgBhAGwATgBhAG0AZQAAAFMAeQBzAHQAZQBtAC4AUAByAGkAdgBhAHQAZQAuAFIAZQBmAGwAZQBjAHQAaQBvAG4AAACCAC8AAQBMAGUAZwBhAGwAQwBvAHAAeQByAGkAZwBoAHQAAACpACAATQBpAGMAcgBvAHMAbwBmAHQAIABDAG8AcgBwAG8AcgBhAHQAaQBvAG4ALgAgACAAQQBsAGwAIAByAGkAZwBoAHQAcwAgAHIAZQBzAGUAcgB2AGUAZAAuAAAAAABcABoAAQBPAHIAaQBnAGkAbgBhAGwARgBpAGwAZQBuAGEAbQBlAAAAUwB5AHMAdABlAG0ALgBQAHIAaQB2AGEAdABlAC4AUgBlAGYAbABlAGMAdABpAG8AbgAAAFQAGgABAFAAcgBvAGQAdQBjAHQATgBhAG0AZQAAAAAATQBpAGMAcgBvAHMAbwBmAHQArgAgAC4ATgBFAFQAIABGAHIAYQBtAGUAdwBvAHIAawAAAHAAJgABAFAAcgBvAGQAdQBjAHQAVgBlAHIAcwBpAG8AbgAAADQALgA2AC4AMgA1ADUAMwAxAC4AMAAwACAAYgB1AGkAbAB0ACAAYgB5ADoAIABEAEQAQgBMAEQAMwA2ADkAQwAtAGQAbABhAGIAAABEAAAAAQBWAGEAcgBGAGkAbABlAEkAbgBmAG8AAAAAACQABAAAAFQAcgBhAG4AcwBsAGEAdABpAG8AbgAAAAAACQTkBA==","PDBPresent","","v4.0.30319"
"System.Private.Reflection.Core, Version=4.0.0.0, Culture=neutral, PublicKeyToken=b03f5f7f11d50a3a","","1501227451","DAQ0AAAAVgBTAF8AVgBFAFIAUwBJAE8ATgBfAEkATgBGAE8AAAAAAL0E7/4AAAEABgAEAAAAu2MGAAQAAAC7Yz8AAAAAAAAABAAAAAIAAAAAAAAAAAAAAAAAAABsAwAAAQBTAHQAcgBpAG4AZwBGAGkAbABlAEkAbgBmAG8AAABIAwAAAQAwADQAMAA5ADAANABFADQAAABMABYAAQBDAG8AbQBwAGEAbgB5AE4AYQBtAGUAAAAAAE0AaQBjAHIAbwBzAG8AZgB0ACAAQwBvAHIAcABvAHIAYQB0AGkAbwBuAAAAZgAfAAEARgBpAGwAZQBEAGUAcwBjAHIAaQBwAHQAaQBvAG4AAAAAAFMAeQBzAHQAZQBtAC4AUAByAGkAdgBhAHQAZQAuAFIAZQBmAGwAZQBjAHQAaQBvAG4ALgBDAG8AcgBlAAAAAABsACYAAQBGAGkAbABlAFYAZQByAHMAaQBvAG4AAAAAADQALgA2AC4AMgA1ADUAMwAxAC4AMAAwACAAYgB1AGkAbAB0ACAAYgB5ADoAIABEAEQAQgBMAEQAMwA2ADkAQwAtAGQAbABhAGIAAABeAB8AAQBJAG4AdABlAHIAbgBhAGwATgBhAG0AZQAAAFMAeQBzAHQAZQBtAC4AUAByAGkAdgBhAHQAZQAuAFIAZQBmAGwAZQBjAHQAaQBvAG4ALgBDAG8AcgBlAAAAAACCAC8AAQBMAGUAZwBhAGwAQwBvAHAAeQByAGkAZwBoAHQAAACpACAATQBpAGMAcgBvAHMAbwBmAHQAIABDAG8AcgBwAG8AcgBhAHQAaQBvAG4ALgAgACAAQQBsAGwAIAByAGkAZwBoAHQAcwAgAHIAZQBzAGUAcgB2AGUAZAAuAAAAAABmAB8AAQBPAHIAaQBnAGkAbgBhAGwARgBpAGwAZQBuAGEAbQBlAAAAUwB5AHMAdABlAG0ALgBQAHIAaQB2AGEAdABlAC4AUgBlAGYAbABlAGMAdABpAG8AbgAuAEMAbwByAGUAAAAAAFQAGgABAFAAcgBvAGQAdQBjAHQATgBhAG0AZQAAAAAATQBpAGMAcgBvAHMAbwBmAHQArgAgAC4ATgBFAFQAIABGAHIAYQBtAGUAdwBvAHIAawAAAHAAJgABAFAAcgBvAGQAdQBjAHQAVgBlAHIAcwBpAG8AbgAAADQALgA2AC4AMgA1ADUAMwAxAC4AMAAwACAAYgB1AGkAbAB0ACAAYgB5ADoAIABEAEQAQgBMAEQAMwA2ADkAQwAtAGQAbABhAGIAAABEAAAAAQBWAGEAcgBGAGkAbABlAEkAbgBmAG8AAAAAACQABAAAAFQAcgBhAG4AcwBsAGEAdABpAG8AbgAAAAAACQTkBA==","PDBPresent","","v4.0.30319"
"System.Private.Reflection.Metadata, Version=4.0.0.0, Culture=neutral, PublicKeyToken=b03f5f7f11d50a3a","","1501227446","JAQ0AAAAVgBTAF8AVgBFAFIAUwBJAE8ATgBfAEkATgBGAE8AAAAAAL0E7/4AAAEABgAEAAAAu2MGAAQAAAC7Yz8AAAAAAAAABAAAAAIAAAAAAAAAAAAAAAAAAACEAwAAAQBTAHQAcgBpAG4AZwBGAGkAbABlAEkAbgBmAG8AAABgAwAAAQAwADQAMAA5ADAANABFADQAAABMABYAAQBDAG8AbQBwAGEAbgB5AE4AYQBtAGUAAAAAAE0AaQBjAHIAbwBzAG8AZgB0ACAAQwBvAHIAcABvAHIAYQB0AGkAbwBuAAAAbgAjAAEARgBpAGwAZQBEAGUAcwBjAHIAaQBwAHQAaQBvAG4AAAAAAFMAeQBzAHQAZQBtAC4AUAByAGkAdgBhAHQAZQAuAFIAZQBmAGwAZQBjAHQAaQBvAG4ALgBNAGUAdABhAGQAYQB0AGEAAAAAAGwAJgABAEYAaQBsAGUAVgBlAHIAcwBpAG8AbgAAAAAANAAuADYALgAyADUANQAzADEALgAwADAAIABiAHUAaQBsAHQAIABiAHkAOgAgAEQARABCAEwARAAzADYAOQBDAC0AZABsAGEAYgAAAGYAIwABAEkAbgB0AGUAcgBuAGEAbABOAGEAbQBlAAAAUwB5AHMAdABlAG0ALgBQAHIAaQB2AGEAdABlAC4AUgBlAGYAbABlAGMAdABpAG8AbgAuAE0AZQB0AGEAZABhAHQAYQAAAAAAggAvAAEATABlAGcAYQBsAEMAbwBwAHkAcgBpAGcAaAB0AAAAqQAgAE0AaQBjAHIAbwBzAG8AZgB0ACAAQwBvAHIAcABvAHIAYQB0AGkAbwBuAC4AIAAgAEEAbABsACAAcgBpAGcAaAB0AHMAIAByAGUAcwBlAHIAdgBlAGQALgAAAAAAbgAjAAEATwByAGkAZwBpAG4AYQBsAEYAaQBsAGUAbgBhAG0AZQAAAFMAeQBzAHQAZQBtAC4AUAByAGkAdgBhAHQAZQAuAFIAZQBmAGwAZQBjAHQAaQBvAG4ALgBNAGUAdABhAGQAYQB0AGEAAAAAAFQAGgABAFAAcgBvAGQAdQBjAHQATgBhAG0AZQAAAAAATQBpAGMAcgBvAHMAbwBmAHQArgAgAC4ATgBFAFQAIABGAHIAYQBtAGUAdwBvAHIAawAAAHAAJgABAFAAcgBvAGQAdQBjAHQAVgBlAHIAcwBpAG8AbgAAADQALgA2AC4AMgA1ADUAMwAxAC4AMAAwACAAYgB1AGkAbAB0ACAAYgB5ADoAIABEAEQAQgBMAEQAMwA2ADkAQwAtAGQAbABhAGIAAABEAAAAAQBWAGEAcgBGAGkAbABlAEkAbgBmAG8AAAAAACQABAAAAFQAcgBhAG4AcwBsAGEAdABpAG8AbgAAAAAACQTkBA==","PDBPresent","","v4.0.30319"
"System.Private.Threading, Version=4.0.0.0, Culture=neutral, PublicKeyToken=b03f5f7f11d50a3a","","1501227436","6AM0AAAAVgBTAF8AVgBFAFIAUwBJAE8ATgBfAEkATgBGAE8AAAAAAL0E7/4AAAEABgAEAAAAu2MGAAQAAAC7Yz8AAAAAAAAABAAAAAIAAAAAAAAAAAAAAAAAAABIAwAAAQBTAHQAcgBpAG4AZwBGAGkAbABlAEkAbgBmAG8AAAAkAwAAAQAwADQAMAA5ADAANABFADQAAABMABYAAQBDAG8AbQBwAGEAbgB5AE4AYQBtAGUAAAAAAE0AaQBjAHIAbwBzAG8AZgB0ACAAQwBvAHIAcABvAHIAYQB0AGkAbwBuAAAAWgAZAAEARgBpAGwAZQBEAGUAcwBjAHIAaQBwAHQAaQBvAG4AAAAAAFMAeQBzAHQAZQBtAC4AUAByAGkAdgBhAHQAZQAuAFQAaAByAGUAYQBkAGkAbgBnAAAAAABsACYAAQBGAGkAbABlAFYAZQByAHMAaQBvAG4AAAAAADQALgA2AC4AMgA1ADUAMwAxAC4AMAAwACAAYgB1AGkAbAB0ACAAYgB5ADoAIABEAEQAQgBMAEQAMwA2ADkAQwAtAGQAbABhAGIAAABSABkAAQBJAG4AdABlAHIAbgBhAGwATgBhAG0AZQAAAFMAeQBzAHQAZQBtAC4AUAByAGkAdgBhAHQAZQAuAFQAaAByAGUAYQBkAGkAbgBnAAAAAACCAC8AAQBMAGUAZwBhAGwAQwBvAHAAeQByAGkAZwBoAHQAAACpACAATQBpAGMAcgBvAHMAbwBmAHQAIABDAG8AcgBwAG8AcgBhAHQAaQBvAG4ALgAgACAAQQBsAGwAIAByAGkAZwBoAHQAcwAgAHIAZQBzAGUAcgB2AGUAZAAuAAAAAABaABkAAQBPAHIAaQBnAGkAbgBhAGwARgBpAGwAZQBuAGEAbQBlAAAAUwB5AHMAdABlAG0ALgBQAHIAaQB2AGEAdABlAC4AVABoAHIAZQBhAGQAaQBuAGcAAAAAAFQAGgABAFAAcgBvAGQAdQBjAHQATgBhAG0AZQAAAAAATQBpAGMAcgBvAHMAbwBmAHQArgAgAC4ATgBFAFQAIABGAHIAYQBtAGUAdwBvAHIAawAAAHAAJgABAFAAcgBvAGQAdQBjAHQAVgBlAHIAcwBpAG8AbgAAADQALgA2AC4AMgA1ADUAMwAxAC4AMAAwACAAYgB1AGkAbAB0ACAAYgB5ADoAIABEAEQAQgBMAEQAMwA2ADkAQwAtAGQAbABhAGIAAABEAAAAAQBWAGEAcgBGAGkAbABlAEkAbgBmAG8AAAAAACQABAAAAFQAcgBhAG4AcwBsAGEAdABpAG8AbgAAAAAACQTkBA==","PDBPresent","","v4.0.30319"
"System.Private.TypeLoader, Version=4.0.0.0, Culture=neutral, PublicKeyToken=b03f5f7f11d50a3a","","1501227453","4AM0AAAAVgBTAF8AVgBFAFIAUwBJAE8ATgBfAEkATgBGAE8AAAAAAL0E7/4AAAEABgAEAAAAu2MGAAQAAAC7Yz8AAAAAAAAABAAAAAIAAAAAAAAAAAAAAAAAAABAAwAAAQBTAHQAcgBpAG4AZwBGAGkAbABlAEkAbgBmAG8AAAAcAwAAAQAwADQAMAA5ADAANABFADQAAABMABYAAQBDAG8AbQBwAGEAbgB5AE4AYQBtAGUAAAAAAE0AaQBjAHIAbwBzAG8AZgB0ACAAQwBvAHIAcABvAHIAYQB0AGkAbwBuAAAAXAAaAAEARgBpAGwAZQBEAGUAcwBjAHIAaQBwAHQAaQBvAG4AAAAAAFMAeQBzAHQAZQBtAC4AUAByAGkAdgBhAHQAZQAuAFQAeQBwAGUATABvAGEAZABlAHIAAABoACQAAQBGAGkAbABlAFYAZQByAHMAaQBvAG4AAAAAADQALgA2AC4AMgA1ADUAMwAxAC4AMAAwACAAYgB1AGkAbAB0ACAAYgB5ADoAIABQAFIATwBKAEUAQwBUAE4ARwBEAFIAMgAAAFQAGgABAEkAbgB0AGUAcgBuAGEAbABOAGEAbQBlAAAAUwB5AHMAdABlAG0ALgBQAHIAaQB2AGEAdABlAC4AVAB5AHAAZQBMAG8AYQBkAGUAcgAAAIIALwABAEwAZQBnAGEAbABDAG8AcAB5AHIAaQBnAGgAdAAAAKkAIABNAGkAYwByAG8AcwBvAGYAdAAgAEMAbwByAHAAbwByAGEAdABpAG8AbgAuACAAIABBAGwAbAAgAHIAaQBnAGgAdABzACAAcgBlAHMAZQByAHYAZQBkAC4AAAAAAFwAGgABAE8AcgBpAGcAaQBuAGEAbABGAGkAbABlAG4AYQBtAGUAAABTAHkAcwB0AGUAbQAuAFAAcgBpAHYAYQB0AGUALgBUAHkAcABlAEwAbwBhAGQAZQByAAAAVAAaAAEAUAByAG8AZAB1AGMAdABOAGEAbQBlAAAAAABNAGkAYwByAG8AcwBvAGYAdACuACAALgBOAEUAVAAgAEYAcgBhAG0AZQB3AG8AcgBrAAAAbAAkAAEAUAByAG8AZAB1AGMAdABWAGUAcgBzAGkAbwBuAAAANAAuADYALgAyADUANQAzADEALgAwADAAIABiAHUAaQBsAHQAIABiAHkAOgAgAFAAUgBPAEoARQBDAFQATgBHAEQAUgAyAAAARAAAAAEAVgBhAHIARgBpAGwAZQBJAG4AZgBvAAAAAAAkAAQAAABUAHIAYQBuAHMAbABhAHQAaQBvAG4AAAAAAAkE5AQ=","PDBPresent","","v4.0.30319"
"System.Private.Uri, Version=4.0.0.0, Culture=neutral, PublicKeyToken=b03f5f7f11d50a3a","","1437623925","vAM0AAAAVgBTAF8AVgBFAFIAUwBJAE8ATgBfAEkATgBGAE8AAAAAAL0E7/4AAAEABgAEAAAAU1oGAAQAAABTWj8AAAAAAAAABAAAAAIAAAAAAAAAAAAAAAAAAAAaAwAAAQBTAHQAcgBpAG4AZwBGAGkAbABlAEkAbgBmAG8AAAD2AgAAAQAwADQAMAA5ADAANABFADQAAABMABYAAQBDAG8AbQBwAGEAbgB5AE4AYQBtAGUAAAAAAE0AaQBjAHIAbwBzAG8AZgB0ACAAQwBvAHIAcABvAHIAYQB0AGkAbwBuAAAATgATAAEARgBpAGwAZQBEAGUAcwBjAHIAaQBwAHQAaQBvAG4AAAAAAFMAeQBzAHQAZQBtAC4AUAByAGkAdgBhAHQAZQAuAFUAcgBpAAAAAABmACMAAQBGAGkAbABlAFYAZQByAHMAaQBvAG4AAAAAADQALgA2AC4AMgAzADEAMgAzAC4AMAAwACAAYgB1AGkAbAB0ACAAYgB5ADoAIABQAFIATwBKAEUAQwBUAEsAUgBFAEwAAAAAAEYAEwABAEkAbgB0AGUAcgBuAGEAbABOAGEAbQBlAAAAUwB5AHMAdABlAG0ALgBQAHIAaQB2AGEAdABlAC4AVQByAGkAAAAAAIIALwABAEwAZQBnAGEAbABDAG8AcAB5AHIAaQBnAGgAdAAAAKkAIABNAGkAYwByAG8AcwBvAGYAdAAgAEMAbwByAHAAbwByAGEAdABpAG8AbgAuACAAIABBAGwAbAAgAHIAaQBnAGgAdABzACAAcgBlAHMAZQByAHYAZQBkAC4AAAAAAE4AEwABAE8AcgBpAGcAaQBuAGEAbABGAGkAbABlAG4AYQBtAGUAAABTAHkAcwB0AGUAbQAuAFAAcgBpAHYAYQB0AGUALgBVAHIAaQAAAAAAVAAaAAEAUAByAG8AZAB1AGMAdABOAGEAbQBlAAAAAABNAGkAYwByAG8AcwBvAGYAdACuACAALgBOAEUAVAAgAEYAcgBhAG0AZQB3AG8AcgBrAAAAagAjAAEAUAByAG8AZAB1AGMAdABWAGUAcgBzAGkAbwBuAAAANAAuADYALgAyADMAMQAyADMALgAwADAAIABiAHUAaQBsAHQAIABiAHkAOgAgAFAAUgBPAEoARQBDAFQASwBSAEUATAAAAAAARAAAAAEAVgBhAHIARgBpAGwAZQBJAG4AZgBvAAAAAAAkAAQAAABUAHIAYQBuAHMAbABhAHQAaQBvAG4AAAAAAAkE5AQ=","PDBPresent","","v4.0.30319"
"System.Reflection.Extensions, Version=4.0.0.0, Culture=neutral, PublicKeyToken=b03f5f7f11d50a3a","","1437623971","+AM0AAAAVgBTAF8AVgBFAFIAUwBJAE8ATgBfAEkATgBGAE8AAAAAAL0E7/4AAAEABgAEAAAAU1oGAAQAAABTWj8AAAAAAAAABAAAAAIAAAAAAAAAAAAAAAAAAABWAwAAAQBTAHQAcgBpAG4AZwBGAGkAbABlAEkAbgBmAG8AAAAyAwAAAQAwADQAMAA5ADAANABFADQAAABMABYAAQBDAG8AbQBwAGEAbgB5AE4AYQBtAGUAAAAAAE0AaQBjAHIAbwBzAG8AZgB0ACAAQwBvAHIAcABvAHIAYQB0AGkAbwBuAAAAYgAdAAEARgBpAGwAZQBEAGUAcwBjAHIAaQBwAHQAaQBvAG4AAAAAAFMAeQBzAHQAZQBtAC4AUgBlAGYAbABlAGMAdABpAG8AbgAuAEUAeAB0AGUAbgBzAGkAbwBuAHMAAAAAAGYAIwABAEYAaQBsAGUAVgBlAHIAcwBpAG8AbgAAAAAANAAuADYALgAyADMAMQAyADMALgAwADAAIABiAHUAaQBsAHQAIABiAHkAOgAgAFAAUgBPAEoARQBDAFQASwBSAEUATAAAAAAAWgAdAAEASQBuAHQAZQByAG4AYQBsAE4AYQBtAGUAAABTAHkAcwB0AGUAbQAuAFIAZQBmAGwAZQBjAHQAaQBvAG4ALgBFAHgAdABlAG4AcwBpAG8AbgBzAAAAAACCAC8AAQBMAGUAZwBhAGwAQwBvAHAAeQByAGkAZwBoAHQAAACpACAATQBpAGMAcgBvAHMAbwBmAHQAIABDAG8AcgBwAG8AcgBhAHQAaQBvAG4ALgAgACAAQQBsAGwAIAByAGkAZwBoAHQAcwAgAHIAZQBzAGUAcgB2AGUAZAAuAAAAAABiAB0AAQBPAHIAaQBnAGkAbgBhAGwARgBpAGwAZQBuAGEAbQBlAAAAUwB5AHMAdABlAG0ALgBSAGUAZgBsAGUAYwB0AGkAbwBuAC4ARQB4AHQAZQBuAHMAaQBvAG4AcwAAAAAAVAAaAAEAUAByAG8AZAB1AGMAdABOAGEAbQBlAAAAAABNAGkAYwByAG8AcwBvAGYAdACuACAALgBOAEUAVAAgAEYAcgBhAG0AZQB3AG8AcgBrAAAAagAjAAEAUAByAG8AZAB1AGMAdABWAGUAcgBzAGkAbwBuAAAANAAuADYALgAyADMAMQAyADMALgAwADAAIABiAHUAaQBsAHQAIABiAHkAOgAgAFAAUgBPAEoARQBDAFQASwBSAEUATAAAAAAARAAAAAEAVgBhAHIARgBpAGwAZQBJAG4AZgBvAAAAAAAkAAQAAABUAHIAYQBuAHMAbABhAHQAaQBvAG4AAAAAAAkE5AQ=","PDBPresent","","v4.0.30319"
"System.Reflection.Primitives, Version=4.0.0.0, Culture=neutral, PublicKeyToken=b03f5f7f11d50a3a","","1437623954","+AM0AAAAVgBTAF8AVgBFAFIAUwBJAE8ATgBfAEkATgBGAE8AAAAAAL0E7/4AAAEABgAEAAAAU1oGAAQAAABTWj8AAAAAAAAABAAAAAIAAAAAAAAAAAAAAAAAAABWAwAAAQBTAHQAcgBpAG4AZwBGAGkAbABlAEkAbgBmAG8AAAAyAwAAAQAwADQAMAA5ADAANABFADQAAABMABYAAQBDAG8AbQBwAGEAbgB5AE4AYQBtAGUAAAAAAE0AaQBjAHIAbwBzAG8AZgB0ACAAQwBvAHIAcABvAHIAYQB0AGkAbwBuAAAAYgAdAAEARgBpAGwAZQBEAGUAcwBjAHIAaQBwAHQAaQBvAG4AAAAAAFMAeQBzAHQAZQBtAC4AUgBlAGYAbABlAGMAdABpAG8AbgAuAFAAcgBpAG0AaQB0AGkAdgBlAHMAAAAAAGYAIwABAEYAaQBsAGUAVgBlAHIAcwBpAG8AbgAAAAAANAAuADYALgAyADMAMQAyADMALgAwADAAIABiAHUAaQBsAHQAIABiAHkAOgAgAFAAUgBPAEoARQBDAFQASwBSAEUATAAAAAAAWgAdAAEASQBuAHQAZQByAG4AYQBsAE4AYQBtAGUAAABTAHkAcwB0AGUAbQAuAFIAZQBmAGwAZQBjAHQAaQBvAG4ALgBQAHIAaQBtAGkAdABpAHYAZQBzAAAAAACCAC8AAQBMAGUAZwBhAGwAQwBvAHAAeQByAGkAZwBoAHQAAACpACAATQBpAGMAcgBvAHMAbwBmAHQAIABDAG8AcgBwAG8AcgBhAHQAaQBvAG4ALgAgACAAQQBsAGwAIAByAGkAZwBoAHQAcwAgAHIAZQBzAGUAcgB2AGUAZAAuAAAAAABiAB0AAQBPAHIAaQBnAGkAbgBhAGwARgBpAGwAZQBuAGEAbQBlAAAAUwB5AHMAdABlAG0ALgBSAGUAZgBsAGUAYwB0AGkAbwBuAC4AUAByAGkAbQBpAHQAaQB2AGUAcwAAAAAAVAAaAAEAUAByAG8AZAB1AGMAdABOAGEAbQBlAAAAAABNAGkAYwByAG8AcwBvAGYAdACuACAALgBOAEUAVAAgAEYAcgBhAG0AZQB3AG8AcgBrAAAAagAjAAEAUAByAG8AZAB1AGMAdABWAGUAcgBzAGkAbwBuAAAANAAuADYALgAyADMAMQAyADMALgAwADAAIABiAHUAaQBsAHQAIABiAHkAOgAgAFAAUgBPAEoARQBDAFQASwBSAEUATAAAAAAARAAAAAEAVgBhAHIARgBpAGwAZQBJAG4AZgBvAAAAAAAkAAQAAABUAHIAYQBuAHMAbABhAHQAaQBvAG4AAAAAAAkE5AQ=","PDBPresent","","v4.0.30319"
"System.Reflection.TypeExtensions, Version=4.0.0.0, Culture=neutral, PublicKeyToken=b03f5f7f11d50a3a","","1437623953","EAQ0AAAAVgBTAF8AVgBFAFIAUwBJAE8ATgBfAEkATgBGAE8AAAAAAL0E7/4AAAEABgAEAAAAU1oGAAQAAABTWj8AAAAAAAAABAAAAAIAAAAAAAAAAAAAAAAAAABuAwAAAQBTAHQAcgBpAG4AZwBGAGkAbABlAEkAbgBmAG8AAABKAwAAAQAwADQAMAA5ADAANABFADQAAABMABYAAQBDAG8AbQBwAGEAbgB5AE4AYQBtAGUAAAAAAE0AaQBjAHIAbwBzAG8AZgB0ACAAQwBvAHIAcABvAHIAYQB0AGkAbwBuAAAAagAhAAEARgBpAGwAZQBEAGUAcwBjAHIAaQBwAHQAaQBvAG4AAAAAAFMAeQBzAHQAZQBtAC4AUgBlAGYAbABlAGMAdABpAG8AbgAuAFQAeQBwAGUARQB4AHQAZQBuAHMAaQBvAG4AcwAAAAAAZgAjAAEARgBpAGwAZQBWAGUAcgBzAGkAbwBuAAAAAAA0AC4ANgAuADIAMwAxADIAMwAuADAAMAAgAGIAdQBpAGwAdAAgAGIAeQA6ACAAUABSAE8ASgBFAEMAVABLAFIARQBMAAAAAABiACEAAQBJAG4AdABlAHIAbgBhAGwATgBhAG0AZQAAAFMAeQBzAHQAZQBtAC4AUgBlAGYAbABlAGMAdABpAG8AbgAuAFQAeQBwAGUARQB4AHQAZQBuAHMAaQBvAG4AcwAAAAAAggAvAAEATABlAGcAYQBsAEMAbwBwAHkAcgBpAGcAaAB0AAAAqQAgAE0AaQBjAHIAbwBzAG8AZgB0ACAAQwBvAHIAcABvAHIAYQB0AGkAbwBuAC4AIAAgAEEAbABsACAAcgBpAGcAaAB0AHMAIAByAGUAcwBlAHIAdgBlAGQALgAAAAAAagAhAAEATwByAGkAZwBpAG4AYQBsAEYAaQBsAGUAbgBhAG0AZQAAAFMAeQBzAHQAZQBtAC4AUgBlAGYAbABlAGMAdABpAG8AbgAuAFQAeQBwAGUARQB4AHQAZQBuAHMAaQBvAG4AcwAAAAAAVAAaAAEAUAByAG8AZAB1AGMAdABOAGEAbQBlAAAAAABNAGkAYwByAG8AcwBvAGYAdACuACAALgBOAEUAVAAgAEYAcgBhAG0AZQB3AG8AcgBrAAAAagAjAAEAUAByAG8AZAB1AGMAdABWAGUAcgBzAGkAbwBuAAAANAAuADYALgAyADMAMQAyADMALgAwADAAIABiAHUAaQBsAHQAIABiAHkAOgAgAFAAUgBPAEoARQBDAFQASwBSAEUATAAAAAAARAAAAAEAVgBhAHIARgBpAGwAZQBJAG4AZgBvAAAAAAAkAAQAAABUAHIAYQBuAHMAbABhAHQAaQBvAG4AAAAAAAkE5AQ=","PDBPresent","","v4.0.30319"
"System.Resources.ResourceManager, Version=4.0.0.0, Culture=neutral, PublicKeyToken=b03f5f7f11d50a3a","","1437623957","EAQ0AAAAVgBTAF8AVgBFAFIAUwBJAE8ATgBfAEkATgBGAE8AAAAAAL0E7/4AAAEABgAEAAAAU1oGAAQAAABTWj8AAAAAAAAABAAAAAIAAAAAAAAAAAAAAAAAAABuAwAAAQBTAHQAcgBpAG4AZwBGAGkAbABlAEkAbgBmAG8AAABKAwAAAQAwADQAMAA5ADAANABFADQAAABMABYAAQBDAG8AbQBwAGEAbgB5AE4AYQBtAGUAAAAAAE0AaQBjAHIAbwBzAG8AZgB0ACAAQwBvAHIAcABvAHIAYQB0AGkAbwBuAAAAagAhAAEARgBpAGwAZQBEAGUAcwBjAHIAaQBwAHQAaQBvAG4AAAAAAFMAeQBzAHQAZQBtAC4AUgBlAHMAbwB1AHIAYwBlAHMALgBSAGUAcwBvAHUAcgBjAGUATQBhAG4AYQBnAGUAcgAAAAAAZgAjAAEARgBpAGwAZQBWAGUAcgBzAGkAbwBuAAAAAAA0AC4ANgAuADIAMwAxADIAMwAuADAAMAAgAGIAdQBpAGwAdAAgAGIAeQA6ACAAUABSAE8ASgBFAEMAVABLAFIARQBMAAAAAABiACEAAQBJAG4AdABlAHIAbgBhAGwATgBhAG0AZQAAAFMAeQBzAHQAZQBtAC4AUgBlAHMAbwB1AHIAYwBlAHMALgBSAGUAcwBvAHUAcgBjAGUATQBhAG4AYQBnAGUAcgAAAAAAggAvAAEATABlAGcAYQBsAEMAbwBwAHkAcgBpAGcAaAB0AAAAqQAgAE0AaQBjAHIAbwBzAG8AZgB0ACAAQwBvAHIAcABvAHIAYQB0AGkAbwBuAC4AIAAgAEEAbABsACAAcgBpAGcAaAB0AHMAIAByAGUAcwBlAHIAdgBlAGQALgAAAAAAagAhAAEATwByAGkAZwBpAG4AYQBsAEYAaQBsAGUAbgBhAG0AZQAAAFMAeQBzAHQAZQBtAC4AUgBlAHMAbwB1AHIAYwBlAHMALgBSAGUAcwBvAHUAcgBjAGUATQBhAG4AYQBnAGUAcgAAAAAAVAAaAAEAUAByAG8AZAB1AGMAdABOAGEAbQBlAAAAAABNAGkAYwByAG8AcwBvAGYAdACuACAALgBOAEUAVAAgAEYAcgBhAG0AZQB3AG8AcgBrAAAAagAjAAEAUAByAG8AZAB1AGMAdABWAGUAcgBzAGkAbwBuAAAANAAuADYALgAyADMAMQAyADMALgAwADAAIABiAHUAaQBsAHQAIABiAHkAOgAgAFAAUgBPAEoARQBDAFQASwBSAEUATAAAAAAARAAAAAEAVgBhAHIARgBpAGwAZQBJAG4AZgBvAAAAAAAkAAQAAABUAHIAYQBuAHMAbABhAHQAaQBvAG4AAAAAAAkE5AQ=","PDBPresent","","v4.0.30319"
"System.Runtime.Extensions, Version=4.0.10.0, Culture=neutral, PublicKeyToken=b03f5f7f11d50a3a","","1437623964","4AM0AAAAVgBTAF8AVgBFAFIAUwBJAE8ATgBfAEkATgBGAE8AAAAAAL0E7/4AAAEABgAEAAAAU1oGAAQAAABTWj8AAAAAAAAABAAAAAIAAAAAAAAAAAAAAAAAAAA+AwAAAQBTAHQAcgBpAG4AZwBGAGkAbABlAEkAbgBmAG8AAAAaAwAAAQAwADQAMAA5ADAANABFADQAAABMABYAAQBDAG8AbQBwAGEAbgB5AE4AYQBtAGUAAAAAAE0AaQBjAHIAbwBzAG8AZgB0ACAAQwBvAHIAcABvAHIAYQB0AGkAbwBuAAAAXAAaAAEARgBpAGwAZQBEAGUAcwBjAHIAaQBwAHQAaQBvAG4AAAAAAFMAeQBzAHQAZQBtAC4AUgB1AG4AdABpAG0AZQAuAEUAeAB0AGUAbgBzAGkAbwBuAHMAAABmACMAAQBGAGkAbABlAFYAZQByAHMAaQBvAG4AAAAAADQALgA2AC4AMgAzADEAMgAzAC4AMAAwACAAYgB1AGkAbAB0ACAAYgB5ADoAIABQAFIATwBKAEUAQwBUAEsAUgBFAEwAAAAAAFQAGgABAEkAbgB0AGUAcgBuAGEAbABOAGEAbQBlAAAAUwB5AHMAdABlAG0ALgBSAHUAbgB0AGkAbQBlAC4ARQB4AHQAZQBuAHMAaQBvAG4AcwAAAIIALwABAEwAZQBnAGEAbABDAG8AcAB5AHIAaQBnAGgAdAAAAKkAIABNAGkAYwByAG8AcwBvAGYAdAAgAEMAbwByAHAAbwByAGEAdABpAG8AbgAuACAAIABBAGwAbAAgAHIAaQBnAGgAdABzACAAcgBlAHMAZQByAHYAZQBkAC4AAAAAAFwAGgABAE8AcgBpAGcAaQBuAGEAbABGAGkAbABlAG4AYQBtAGUAAABTAHkAcwB0AGUAbQAuAFIAdQBuAHQAaQBtAGUALgBFAHgAdABlAG4AcwBpAG8AbgBzAAAAVAAaAAEAUAByAG8AZAB1AGMAdABOAGEAbQBlAAAAAABNAGkAYwByAG8AcwBvAGYAdACuACAALgBOAEUAVAAgAEYAcgBhAG0AZQB3AG8AcgBrAAAAagAjAAEAUAByAG8AZAB1AGMAdABWAGUAcgBzAGkAbwBuAAAANAAuADYALgAyADMAMQAyADMALgAwADAAIABiAHUAaQBsAHQAIABiAHkAOgAgAFAAUgBPAEoARQBDAFQASwBSAEUATAAAAAAARAAAAAEAVgBhAHIARgBpAGwAZQBJAG4AZgBvAAAAAAAkAAQAAABUAHIAYQBuAHMAbABhAHQAaQBvAG4AAAAAAAkE5AQ=","PDBPresent","","v4.0.30319"
"System.Text.RegularExpressions, Version=4.0.10.0, Culture=neutral, PublicKeyToken=b03f5f7f11d50a3a","","1437623981","fgQ0AAAAVgBTAF8AVgBFAFIAUwBJAE8ATgBfAEkATgBGAE8AAAAAAL0E7/4AAAEABgAEAAAAU1oAAAAAAAAAAD8AAAAAAAAABAAAAAIAAAAAAAAAAAAAAAAAAABEAAAAAQBWAGEAcgBGAGkAbABlAEkAbgBmAG8AAAAAACQABAAAAFQAcgBhAG4AcwBsAGEAdABpAG8AbgAAAAAAAACwBN4DAAABAFMAdAByAGkAbgBnAEYAaQBsAGUASQBuAGYAbwAAALoDAAABADAAMAAwADAAMAA0AGIAMAAAAFYAHwABAEMAbwBtAG0AZQBuAHQAcwAAAFMAeQBzAHQAZQBtAC4AVABlAHgAdAAuAFIAZQBnAHUAbABhAHIARQB4AHAAcgBlAHMAcwBpAG8AbgBzAAAAAABMABYAAQBDAG8AbQBwAGEAbgB5AE4AYQBtAGUAAAAAAE0AaQBjAHIAbwBzAG8AZgB0ACAAQwBvAHIAcABvAHIAYQB0AGkAbwBuAAAAZgAfAAEARgBpAGwAZQBEAGUAcwBjAHIAaQBwAHQAaQBvAG4AAAAAAFMAeQBzAHQAZQBtAC4AVABlAHgAdAAuAFIAZQBnAHUAbABhAHIARQB4AHAAcgBlAHMAcwBpAG8AbgBzAAAAAAA6AA0AAQBGAGkAbABlAFYAZQByAHMAaQBvAG4AAAAAADQALgA2AC4AMgAzADEAMgAzAC4AMAAwAAAAAABmACMAAQBJAG4AdABlAHIAbgBhAGwATgBhAG0AZQAAAFMAeQBzAHQAZQBtAC4AVABlAHgAdAAuAFIAZQBnAHUAbABhAHIARQB4AHAAcgBlAHMAcwBpAG8AbgBzAC4AZABsAGwAAAAAAIIALwABAEwAZQBnAGEAbABDAG8AcAB5AHIAaQBnAGgAdAAAAKkAIABNAGkAYwByAG8AcwBvAGYAdAAgAEMAbwByAHAAbwByAGEAdABpAG8AbgAuACAAIABBAGwAbAAgAHIAaQBnAGgAdABzACAAcgBlAHMAZQByAHYAZQBkAC4AAAAAAG4AIwABAE8AcgBpAGcAaQBuAGEAbABGAGkAbABlAG4AYQBtAGUAAABTAHkAcwB0AGUAbQAuAFQAZQB4AHQALgBSAGUAZwB1AGwAYQByAEUAeABwAHIAZQBzAHMAaQBvAG4AcwAuAGQAbABsAAAAAABUABoAAQBQAHIAbwBkAHUAYwB0AE4AYQBtAGUAAAAAAE0AaQBjAHIAbwBzAG8AZgB0AK4AIAAuAE4ARQBUACAARgByAGEAbQBlAHcAbwByAGsAAABwACYAAQBQAHIAbwBkAHUAYwB0AFYAZQByAHMAaQBvAG4AAAA0AC4ANgAuADIAMwAxADIAMwAuADAAMAAgAGIAdQBpAGwAdAAgAGIAeQA6ACAARABEAEIATABEADYANQA3AEMALQBkAGwAYQBiAAAAOgAJAAEAQQBzAHMAZQBtAGIAbAB5ACAAVgBlAHIAcwBpAG8AbgAAADQALgAwAC4AMQAwAC4AMAAAAA==","PDBPresent","","v4.0.30319"
"System.Private.SharedLibrary.Interop.Generated, Version=0.0.0.0, Culture=neutral, PublicKeyToken=null","","1501229125","5AI0AAAAVgBTAF8AVgBFAFIAUwBJAE8ATgBfAEkATgBGAE8AAAAAAL0E7/4AAAEAAAAAAAAAAAAAAAAAAAAAAD8AAAAAAAAABAAAAAIAAAAAAAAAAAAAAAAAAABEAAAAAQBWAGEAcgBGAGkAbABlAEkAbgBmAG8AAAAAACQABAAAAFQAcgBhAG4AcwBsAGEAdABpAG8AbgAAAAAAAACwBEQCAAABAFMAdAByAGkAbgBnAEYAaQBsAGUASQBuAGYAbwAAACACAAABADAAMAAwADAAMAA0AGIAMAAAACwAAgABAEYAaQBsAGUARABlAHMAYwByAGkAcAB0AGkAbwBuAAAAAAAgAAAAMAAIAAEARgBpAGwAZQBWAGUAcgBzAGkAbwBuAAAAAAAwAC4AMAAuADAALgAwAAAAhgAzAAEASQBuAHQAZQByAG4AYQBsAE4AYQBtAGUAAABTAHkAcwB0AGUAbQAuAFAAcgBpAHYAYQB0AGUALgBTAGgAYQByAGUAZABMAGkAYgByAGEAcgB5AC4ASQBuAHQAZQByAG8AcAAuAEcAZQBuAGUAcgBhAHQAZQBkAC4AZABsAGwAAAAAACgAAgABAEwAZQBnAGEAbABDAG8AcAB5AHIAaQBnAGgAdAAAACAAAACOADMAAQBPAHIAaQBnAGkAbgBhAGwARgBpAGwAZQBuAGEAbQBlAAAAUwB5AHMAdABlAG0ALgBQAHIAaQB2AGEAdABlAC4AUwBoAGEAcgBlAGQATABpAGIAcgBhAHIAeQAuAEkAbgB0AGUAcgBvAHAALgBHAGUAbgBlAHIAYQB0AGUAZAAuAGQAbABsAAAAAAA0AAgAAQBQAHIAbwBkAHUAYwB0AFYAZQByAHMAaQBvAG4AAAAwAC4AMAAuADAALgAwAAAAOAAIAAEAQQBzAHMAZQBtAGIAbAB5ACAAVgBlAHIAcwBpAG8AbgAAADAALgAwAC4AMAAuADAAAAA=","PDBPresent","","v4.0.30319"
